<?xml version="1.0" encoding="UTF-8"?>
<launch>
    <arg name="rviz_config" default="$(find-pkg-share aichallenge_system_launch)/config/debug_sensing.rviz" description="rviz config"/>
    <arg name="simulation"/>
    <arg name="use_sim_time"/>
    <arg name="run_rviz"/>
    <arg name="sensor_model" default="racing_kart_sensor_kit"/>
    <arg name="launch_vehicle_interface" default="true"/>

    <log message="The arguments for aichallenge_system_launch."/>
    <log message=" - simulation: $(var simulation)"/>
    <log message=" - use_sim_time: $(var use_sim_time)"/>
    <log message=" - sensor_model: $(var sensor_model)"/>
    <log message=" - launch_vehicle_interface: $(var launch_vehicle_interface)"/>

    <!-- Main module of AI challenge 2024. -->
    <include file="$(find-pkg-share aichallenge_submit_launch)/launch/aichallenge_submit.launch.xml" >
        <arg name="simulation" value="$(var simulation)"/>
        <arg name="use_sim_time" value="$(var use_sim_time)"/>
        <arg name="sensor_model" value="$(var sensor_model)"/>
        <arg name="launch_vehicle_interface" value="$(var launch_vehicle_interface)"/>
    </include>

    <!-- Visualization. -->
    <group if="$(var run_rviz)">
        <node pkg="rviz2" exec="rviz2" name="rviz2" output="screen" args="-d $(var rviz_config) -s $(find-pkg-share aichallenge_system_launch)/rviz/image/autoware.png"/>
        <node pkg="aichallenge_system_launch" exec="object_marker.py" output="screen"/>
    </group>

    <!-- Initial Pose -->
    <node pkg="topic_tools" exec="relay" name="initial_pose_relay">
      <param name="input_topic" value="/initialpose"/>
      <param name="output_topic" value="/localization/initial_pose3d"/>
    </node>

    <!-- Adapters for simulation. -->
    <group if="$(var simulation)">
        <include file="$(find-pkg-share aichallenge_system_launch)/launch/mode/awsim.launch.xml"/>
    </group>

    <!-- Adapters for real vehicle. -->
    <group unless="$(var simulation)">
        <include file="$(find-pkg-share aichallenge_system_launch)/launch/mode/real.launch.xml"/>
    </group>
</launch>
